Website,AdSense_Presence
http://www.furrychamp.com,False
http://www.lindbergs.se,True
http://www.happypancake.se,True
http://www.capemedia.se,True
http://www.omrbeauty.com,False
http://www.dealguru.se,True
http://www.rabble.se,True
http://www.cowab.se,False
http://www.superica.io,False
http://www.houseofdagmar.com,False
http://www.salesimprover.se,False
http://www.farjestadbk.se,False
http://www.boneo.se,False
http://www.komako.fr,False
http://www.tcecur.com,False
http://www.alvalabs.io,False
http://www.thatsup.se,False
http://www.soffadirekt.se,False
http://www.gidex.dk,False
http://www.forzafootball.com,False
http://www.kutiax.net,False
http://www.julaholding.com,False
http://www.woodonwall.se,False
http://www.gavelo.com,False
http://www.flexithydraulics.se,False
http://www.justnu.se,False
http://www.villanytt.se,True
http://www.allblues.se,False
http://www.slazengerpadel.com,False
http://www.lokalti.se,False
http://www.albahealth.co,False
http://www.masterdrilling.se,True
http://www.impecta.se,False
http://www.xn--stgtaneon-z7ad.se,False
http://www.pgm.se,False
http://www.delitea.se,False
http://www.twistshake.com,False
http://www.vanbruun.com,False
http://www.mecenat.com,False
http://www.qualitypoolspa.es,False
http://www.shoemed.se,False
http://www.svenskmotesbokning.com,True
http://www.stockholmopen.se,False
http://www.yokk-solar.se,True
http://www.shl.se,False
http://www.eastlane.se,False
http://www.juice.solar,False
http://www.commonclouds.com,False
http://www.nfi.se,False
http://www.aminacharging.com,False
http://www.shuftipro.com,False
http://www.lattelement.se,False
http://www.johnhenric.com,False
http://www.cdlp.com,False
http://www.bilmodecenter.se,False
http://www.greatearth.se,False
http://www.loomispay.com,False
http://www.hopen.se,True
http://www.assistancekaren.se,False
http://www.bomstadbaden.se,False
http://www.strafe.com,True
http://www.saveggy.com,False
http://www.theheroloop.com,False
http://www.furuvik.se,False
http://www.notyfile.se,False
http://www.annorlunda.se,False
http://www.thehideawaysclub.com,False
http://www.gamedayyourway.com,False
http://www.yogobe.com,False
http://www.hockeyallsvenskan.se,False
http://www.custellence.com,False
http://www.fragbite.se,False
http://www.arkivdigital.se,False
http://www.waldorandco.com,False
http://www.qx.se,True
http://www.varm.io,False
http://www.lystform.se,False
http://www.bothofus.se,True
http://www.studybee.se,False
http://www.livijn.com,False
http://www.liljasbil.se,False
http://www.volumetree.com,True
http://www.transportstyling.se,False
http://www.biltjansten.se,False
http://www.adalens.se,False
http://www.respondagroup.se,False
http://www.thesparrow.se,False
http://www.homeroom.se,False
http://www.neronet-academy.com,False
http://www.diplomautbildning.se,False
http://www.aqurat.se,False
http://www.schmiedmann.se,False
http://www.residensportalen.com,False
http://www.mostphotos.com,False
http://www.stockpicker.se,True
http://www.voxo.ai,False
http://www.computersweden.se,False
http://www.comis.com,True
http://www.nufferton.com,False
http://www.ballersapp.com,False
http://www.azdesign.se,False
http://www.dakotalithium.com,False
http://www.misslopez.se,False
http://www.qasa.se,False
http://www.antourage.com,False
http://www.kvaser.com,False
http://www.ratsit.se,False
http://www.aktiv.se,False
http://www.biokraft.com,False
http://www.handheldgroup.com,False
http://www.tv.nu,False
http://www.oilquick.com,False
http://www.tillertjanst.se,False
http://www.tanndalen.com,False
http://www.zaczess.com,False
http://www.fancade.com,True
http://www.hundlands.com,False
http://www.vetek.se,False
http://www.bitbns.com,False
http://www.dennismaglic.com,False
http://www.publicclean.se,False
http://www.therooftopguide.com,False
http://www.agoy.se,False
http://www.zeta.nu,False
http://www.tshirtstoreonline.com,False
http://www.traningspartner.se,False
http://www.uswe.com,False
http://www.magoo.se,False
http://www.divinemagazine.biz,False
http://www.photowall.com,False
http://www.howwe.io,False
http://www.flarie.com,False
http://www.nordicbemanning.se,True
http://www.talkaboutsyd.com,False
http://www.nordicbemanning.se,True
http://www.kakelgiganten.se,False
http://www.chevalier.se,False
http://www.lovenlayer.com,False
http://www.refined.com,False
http://www.merrjep.com,True
http://www.planacy.com,False
http://www.havetshus.se,False
http://www.jalbum.net,False
http://www.werlabs.se,False
http://www.adway.ai,False
http://www.minirodini.com,False
http://www.lensway.se,False
http://www.cicerofonder.se,True
http://www.tehusetjava.se,False
http://www.breakit.se,False
http://www.bitbns.com,False
http://www.gaddr.me,False
http://www.hockeyallsvenskan.se,False
http://www.lager46.se,False
http://www.pukashop.com,False
http://www.borasbil.se,False
http://www.handelstrender.se,True
http://www.blanqi.com,False
http://www.adaysmarch.com,False
http://www.nakedjuicebar.se,True
http://www.saburojeans.com,False
http://www.carolinesvedbom.com,False
http://www.hawaiipoke.se,False
http://www.aerospaceclustersweden.com,False
http://www.offsidepress.se,False
http://www.celemi.com,False
http://www.yokk-solar.se,True
http://www.paidtabs.com,True
http://www.pcbconnectgroup.com,False
http://www.gntransport.se,False
http://www.babyworld.se,False
http://www.conversant.se,False
http://www.ungdomsformedlingen.se,True
http://www.golvbiten.se,True
http://www.divio.com,False
http://www.holidayclub.se,False
http://www.affarslogik.se,False
http://www.mlt.se,False
http://www.kavat.com,False
http://www.homeq.se,False
http://www.gustafs.com,False
http://www.interflora.se,False
http://www.mrcharles.co,False
http://www.itcnordic.se,True
http://www.sweef.se,False
http://www.orbackassistans.se,False
http://www.gotapster.com,False
http://www.smalandskabil.se,False
http://www.citiboardmedia.se,False
http://www.bubblan.org,True
http://www.najell.com,False
http://www.babyland.se,False
http://www.destinationmedia.us,False
http://www.atpatelier.com,False
http://www.lawline.se,True
http://www.creativetools.se,False
http://www.coloreel.com,False
http://www.trueroas.io,False
http://www.stuckies.se,False
http://www.nordicknots.com,False
http://www.rapidebrowlashbar.com,False
http://www.ancisport.se,False
http://www.nyteknik.se,False
http://www.estetikochhalsa.se,False
http://www.itegamax.se,False
http://www.forzafootball.com,False
http://www.imbisoft.com,True
http://www.interimia.se,False
http://www.voky.com,False
http://www.blaq.se,False
http://www.rabalder.se,False
http://www.lacuila.se,False
http://www.norrahalland.se,False
http://www.evertiq.com,False
http://www.ibuywesell.com,True
http://www.navinci.se,False
http://www.parfym.se,False
http://www.thefriendlyhome.se,False
http://www.everysportgroup.com,False
http://www.houseofbontin.se,False
http://www.nobilis-infosys.com,False
http://www.hammarbyhandboll.se,False
http://www.voky.com,False
http://www.illuminatelabs.com,False
http://www.heja.io,True
http://www.plotagon.com,True
http://www.nygen.io,False
http://www.emollivet.se,False
http://www.duab.se,False
http://www.sealife.se,True
http://www.cederleufssvenheimers.se,False
http://www.krsystem.se,False
http://www.lexiconinteractive.com,False
http://www.nosaplugs.com,False
http://www.exxentric.com,False
http://www.inprint.se,False
http://www.proteinbolaget.se,False
http://www.zupyak.com,True
http://www.likelihood.us,False
http://www.consultkami.com,False
http://www.bybenson.com,False
http://www.nordicbemanning.se,True
http://www.etn.se,False
http://www.branschaktuellt.se,True
http://www.lakrits.se,False
http://www.borasbil.se,False
http://www.wincore.se,False
http://www.feelloud.com,True
http://www.wayke.se,False
http://www.netmoregroup.com,False
http://www.dellnergroup.com,False
http://www.goldanchormarker.com,False
http://www.mtrx.se,False
http://www.roughcopies.com,False
http://www.okidoki.se,False
http://www.handheldgroup.com,False
http://www.wsolvit.se,True
http://www.merchsweden.se,False
http://www.burvall.com,False
http://www.assistancekaren.se,False
http://www.proguitar.com,False
http://www.iceinabox.se,True
http://www.bokio.se,False
http://www.dpj.se,False
http://www.vf.se,False
http://www.undertian.com,False
http://www.byrum.se,True
http://www.itascainternational.com,False
http://www.strawberryhotels.com,False
http://www.networkexpertise.com,False
http://www.powerchallenge.com,False
http://www.affarsvarlden.se,False
http://www.bilxtra.no,False
http://www.dfkompetens.se,False
http://www.aventyrsbutiken.se,False
http://www.millenarywatches.com,False
http://www.metvibee.com,True
http://www.affariofsweden.com,False
http://www.dinlakare.nu,True
http://www.provia.se,False
http://www.muovitech.com,False
http://www.orbiapp.io,False
http://www.bauhaus.se,False
http://www.recoordinate.com,False
http://www.smakacafe.com,False
http://www.digsnacks.com,False
http://www.twinfinity.com,False
http://www.julamiljo.com,False
http://www.gehrmans.se,False
http://www.stcc.se,False
http://www.bolagsfakta.se,False
http://www.vaguiden.se,False
http://www.ninepine.com,False
http://www.nkmedia.se,False
http://www.geoguessr.com,False
http://www.engstromsbil.se,False
http://www.vaxjolakers.se,False
http://www.kolbco.se,False
http://www.lexicon.se,False
http://www.pump-pyrolysteknik.se,False
http://www.eklandia.se,False
http://www.ehandel.se,False
http://www.ekuriren.se,True
http://www.winningtemp.com,False
http://www.happyboss.se,False
http://www.ssebl.com,False
http://www.realtid.se,False
http://www.griffel.se,False
http://www.iotcomms.io,False
http://www.nordicoperationcenter.com,False
http://www.challengermode.com,False
http://www.booli.se,False
http://www.studybee.se,False
http://www.greatearth.se,False
http://www.youtime.com,False
http://www.enaco.se,False
http://www.viskan.com,False
http://www.rosenqvists.com,False
http://www.footway.com,False
http://www.elvineclothing.com,False
http://www.merinfo.se,False
http://www.bagarenochkocken.se,False
http://www.arkivdigital.se,False
http://www.marathon.se,False
http://www.plick.se,True
http://www.americanlisted.com,False
http://www.addvisegroup.se,False
http://www.sjostrandcoffee.com,False
http://www.haddok.se,False
http://www.duearity.com,False
http://www.vevisto.com,True
http://www.marknadschefer.se,True
http://www.greenhero.com,True
http://www.stockholmwater.com,False
http://www.mitti.se,False
http://www.customhoj.se,False
http://www.lesslie.se,False
http://www.infoping.net,True
http://www.synos.se,False
http://www.houseid.se,False
http://www.dontblink.se,True
http://www.winningtemp.com,False
http://www.smalandskabil.se,False
http://www.cappelendimyr.com,False
http://www.rawfoodshop.se,False
http://www.8848altitude.com,False
http://www.matspar.se,True
http://www.puhdistamo.fi,False
http://www.studybee.se,False
http://www.vacier.com,False
http://www.liweestate.se,False
http://www.reformasthlm.se,False
http://www.pdgroupsweden.se,False
http://www.lovangersbygg.se,True
http://www.duab.se,False
http://www.konfac.se,False
http://www.swedishstirling.com,False
http://www.vaxjolakers.se,False
http://www.soundtrap.com,False
http://www.munkeby.se,True
http://www.addilon.se,True
http://www.widforss.se,False
http://www.fairtradingtech.com,False
http://www.rentforum.se,False
http://www.dagen.se,False
http://www.ssil.se,True
http://www.ebke.bike,False
http://www.gofloat.io,False
http://www.blaq.se,False
http://www.bygg.se,False
http://www.ekenbygg.se,True
http://www.moonvalley.me,False
http://www.stepone.life,False
http://www.stick.se,False
http://www.brightswimwear.com,False
http://www.ullmandynamics.com,True
http://www.uppdraget.se,False
http://www.astrosweden.se,False
http://www.tannaskroket.se,False
http://www.paidtabs.com,True
http://www.esportal.com,False
http://www.moraik.se,False
http://www.aqurat.se,False
http://www.dagen.se,False
http://www.flowity.com,False
http://www.nightli.se,False
http://www.mockberg.com,False
http://www.naildemocracy.com,True
http://www.bokio.se,False
http://www.stylein.com,False
http://www.pishrasaneh.com,False
http://www.saveggy.com,False
http://www.frontbilar.se,False
http://www.egoapp.gg,True
http://www.playpilot.com,False
http://www.guldbrev.se,False
http://www.winpos.com,False
http://www.krsystem.se,False
http://www.zaver.com,False
http://www.varden.se,False
http://www.pixelpappa.com,True
http://www.stockholmfintechweek.com,False
http://www.kokobello.se,False
http://www.bildelsbasen.se,False
http://www.eldabutiken.se,False
http://www.jotex.se,False
http://www.bilweb.se,False
http://www.boostcontent.com,False
http://www.glimja.com,False
http://www.inchargecard.com,False
http://www.bsmart.se,False
http://www.synos.se,False
http://www.permanad.se,False
http://www.albacross.com,False
http://www.skolfest.se,True
http://www.idawargbeauty.com,False
http://www.malmoredhawks.com,False
http://www.ttkgames.com,False
http://www.johnhatter.com,False
http://www.quinte.se,False
http://www.relodestore.com,False
http://www.enrouteq.com,False
http://www.smartasaker.se,False
http://www.gameinsight.sport,True
http://www.coffeecow.se,False
http://www.netset.com,True
http://www.ideinn.com,False
http://www.omni.se,False
http://www.schalins.com,False
http://www.tenprotection.se,False
http://www.waboba.com,False
http://www.holidayclub.se,False
http://www.wikinggruppen.se,False
http://www.beredd.se,False
http://www.lignaenergy.se,False
http://www.laget.se,False
http://www.moonvalley.me,False
http://www.jemac.se,False
http://www.enaco.se,False
http://www.dafto.se,False
http://www.reformhus.se,False
http://www.nomus.com.br,False
http://www.theforumist.com,True
http://www.stockholmopen.se,False
http://www.muovitech.com,False
http://www.gofoto.se,False
http://www.smartify.in,False
http://www.arisone.com,False
http://www.lassie.co,False
http://www.mvic.se,False
http://www.astridwild.com,False
http://www.quinte.se,False
http://www.byggahus.se,False
http://www.infobyte.se,False
http://www.bemz.com,False
http://www.hudoteket.se,False
http://www.by-crea.com,False
http://www.augere.se,True
http://www.ugcbutiken.com,False
http://www.chargehome.se,False
http://www.brixdetroit.com,False
http://www.nybryggt.nu,False
http://www.osstell.com,False
http://www.fof.se,True
http://www.cross-sportswear.com,False
http://www.barnebys.com,False
http://www.furuvik.se,False
http://www.flowity.com,False
http://www.happybooking.se,False
http://www.uppsalacity.se,True
http://www.zaver.com,False
http://www.fragsheet.com,True
http://www.jhc-sa.com,False
http://www.aimn.com,False
http://www.stenstroms.com,False
http://www.jerrie.se,False
http://www.fotbolltransfers.com,False
http://www.valeryd.com,False
http://www.flygresor.se,False
http://www.booli.se,False
http://www.newsmachine.com,False
http://www.gasetten.se,False
http://www.webdevon.se,False
http://www.tannaskroket.se,False
http://www.idealofsweden.com,False
http://www.mgmanagement.se,True
http://www.kodmyran.se,False
http://www.smalandskabil.se,False
http://www.thenewdivision.world,False
http://www.minirodini.com,False
http://www.ninepine.com,False
http://www.grafotronic.se,True
http://www.intheworks.se,False
http://www.sonetel.com,False
http://www.swedishforprofessionals.com,True
http://www.ddesign.nu,False
http://www.bitbns.com,False
http://www.designhousestockholm.us,False
http://www.espressogear.com,False
http://www.treyd.io,False
http://www.twistshake.com,False
http://www.adalens.se,False
http://www.underyourskin.se,False
http://www.muovitech.nl,False
http://www.zynq.se,False
http://www.dagdrommar.com,False
http://www.respondagroup.se,False
http://www.samtrygg.se,False
http://www.weareera.com,False
http://www.mrurban.se,False
http://www.wayke.se,False
http://www.validio.io,False
http://www.cashbacker.se,False
http://www.widforss.se,False
http://www.andyokay.com,False
http://www.koolkollekt.com,False
http://www.vinoro.se,False
http://www.ikastech.com,False
http://www.kvartal.se,False
http://www.jabo.se,False
http://www.wallofart.com,False
http://www.timarco.com,False
